Workbook

Sheet Jahresübersicht
A1: Jahresübersicht – Kassenbuch
A2: Jahr: | D2: Gesamt Einnahmen | F2: Gesamt Ausgaben | H2: Jahres-Saldo
D3: =C18 -> 0 | F3: =D18 -> 0 | H3: =E18 -> 0
A5: Monat | B5: Anfangsbestand | C5: Einnahmen | D5: Ausgaben | E5: Saldo | F5: Endbestand | G5: Ø Ausgaben (Tag) | H5: Hinweis
A6: Januar | B6: =Januar!C5 -> 0 | C6: =Januar!A56 -> 0 | D6: =Januar!B56 -> 0 | E6: =C6-D6 -> 0 | F6: =Januar!C56 -> 0 | G6: =IF($B$2="","",D6/DAY(EOMONTH(DATE($B$2,1,1),0)))
A7: Februar | B7: =Februar!C5 -> 0 | C7: =Februar!A56 -> 0 | D7: =Februar!B56 -> 0 | E7: =C7-D7 -> 0 | F7: =Februar!C56 -> 0 | G7: =IF($B$2="","",D7/DAY(EOMONTH(DATE($B$2,2,1),0)))
A8: März | B8: =März!C5 -> 0 | C8: =März!A56 -> 0 | D8: =März!B56 -> 0 | E8: =C8-D8 -> 0 | F8: =März!C56 -> 0 | G8: =IF($B$2="","",D8/DAY(EOMONTH(DATE($B$2,3,1),0)))
A9: April | B9: =April!C5 -> 0 | C9: =April!A56 -> 0 | D9: =April!B56 -> 0 | E9: =C9-D9 -> 0 | F9: =April!C56 -> 0 | G9: =IF($B$2="","",D9/DAY(EOMONTH(DATE($B$2,4,1),0)))
A10: Mai | B10: =Mai!C5 -> 0 | C10: =Mai!A56 -> 0 | D10: =Mai!B56 -> 0 | E10: =C10-D10 -> 0 | F10: =Mai!C56 -> 0 | G10: =IF($B$2="","",D10/DAY(EOMONTH(DATE($B$2,5,1),0)))
A11: Juni | B11: =Juni!C5 -> 0 | C11: =Juni!A56 -> 0 | D11: =Juni!B56 -> 0 | E11: =C11-D11 -> 0 | F11: =Juni!C56 -> 0 | G11: =IF($B$2="","",D11/DAY(EOMONTH(DATE($B$2,6,1),0)))
A12: Juli | B12: =Juli!C5 -> 0 | C12: =Juli!A56 -> 0 | D12: =Juli!B56 -> 0 | E12: =C12-D12 -> 0 | F12: =Juli!C56 -> 0 | G12: =IF($B$2="","",D12/DAY(EOMONTH(DATE($B$2,7,1),0)))
A13: August | B13: =August!C5 -> 0 | C13: =August!A56 -> 0 | D13: =August!B56 -> 0 | E13: =C13-D13 -> 0 | F13: =August!C56 -> 0 | G13: =IF($B$2="","",D13/DAY(EOMONTH(DATE($B$2,8,1),0)))
A14: September | B14: =September!C5 -> 0 | C14: =September!A56 -> 0 | D14: =September!B56 -> 0 | E14: =C14-D14 -> 0 | F14: =September!C56 -> 0 | G14: =IF($B$2="","",D14/DAY(EOMONTH(DATE($B$2,9,1),0)))
A15: Oktober | B15: =Oktober!C5 -> 0 | C15: =Oktober!A56 -> 0 | D15: =Oktober!B56 -> 0 | E15: =C15-D15 -> 0 | F15: =Oktober!C56 -> 0 | G15: =IF($B$2="","",D15/DAY(EOMONTH(DATE($B$2,10,1),0)))
A16: November | B16: =November!C5 -> 0 | C16: =November!A56 -> 0 | D16: =November!B56 -> 0 | E16: =C16-D16 -> 0 | F16: =November!C56 -> 0 | G16: =IF($B$2="","",D16/DAY(EOMONTH(DATE($B$2,11,1),0)))
A17: Dezember | B17: =Dezember!C5 -> 0 | C17: =Dezember!A56 -> 0 | D17: =Dezember!B56 -> 0 | E17: =C17-D17 -> 0 | F17: =Dezember!C56 -> 0 | G17: =IF($B$2="","",D17/DAY(EOMONTH(DATE($B$2,12,1),0)))
A18: Summe | C18: =SUM(C6:C17) -> 0 | D18: =SUM(D6:D17) -> 0 | E18: =SUM(E6:E17) -> 0 | F18: =LOOKUP(9E+99,F6:F17) -> 0 | G18: =AVERAGE(G6:G17) -> #DIV/0!

Sheet Januar
A1: Kassenbuch
A2: Monat: | B2: Januar | F2: Jahr: | J2: Einnahmen | K2: =A56 -> 0
J3: Ausgaben | K3: =B56 -> 0
A4: Einnahmen | B4: Ausgaben | C4: Bestand | D4: Gegenkonto | E4: Beleg Nr. | F4: Datum | G4: USt.-Satz | H4: Text | I4: Nr
H5: Anfangsbestand / Übertrag
C6: =C5+A6-B6 -> 0 | I6: 1
C7: =C6+A7-B7 -> 0 | I7: 2
C8: =C7+A8-B8 -> 0 | I8: 3
C9: =C8+A9-B9 -> 0 | I9: 4
C10: =C9+A10-B10 -> 0 | I10: 5
C11: =C10+A11-B11 -> 0 | I11: 6
C12: =C11+A12-B12 -> 0 | I12: 7
C13: =C12+A13-B13 -> 0 | I13: 8
C14: =C13+A14-B14 -> 0 | I14: 9
C15: =C14+A15-B15 -> 0 | I15: 10
C16: =C15+A16-B16 -> 0 | I16: 11
C17: =C16+A17-B17 -> 0 | I17: 12
... C55: =C54+A55-B55 -> 0 | I55: 50
A56: =SUM(A6:A55) -> 0 | B56: =SUM(B6:B55) -> 0 | C56: =C55 -> 0 | H56: Summen

Sheet Februar
A1: Kassenbuch
A2: Monat: | B2: Februar | F2: Jahr: | J2: Einnahmen | K2: =A56 -> 0
J3: Ausgaben | K3: =B56 -> 0
A4: Einnahmen | B4: Ausgaben | C4: Bestand | D4: Gegenkonto | E4: Beleg Nr. | F4: Datum | G4: USt.-Satz | H4: Text | I4: Nr
C5: =Januar!C56 -> 0 | H5: Anfangsbestand / Übertrag
C6: =C5+A6-B6 -> 0 | I6: 1
C7: =C6+A7-B7 -> 0 | I7: 2
C8: =C7+A8-B8 -> 0 | I8: 3
C9: =C8+A9-B9 -> 0 | I9: 4
C10: =C9+A10-B10 -> 0 | I10: 5
C11: =C10+A11-B11 -> 0 | I11: 6
C12: =C11+A12-B12 -> 0 | I12: 7
C13: =C12+A13-B13 -> 0 | I13: 8
C14: =C13+A14-B14 -> 0 | I14: 9
C15: =C14+A15-B15 -> 0 | I15: 10
C16: =C15+A16-B16 -> 0 | I16: 11
C17: =C16+A17-B17 -> 0 | I17: 12
... C55: =C54+A55-B55 -> 0 | I55: 50
A56: =SUM(A6:A55) -> 0 | B56: =SUM(B6:B55) -> 0 | C56: =C55 -> 0 | H56: Summen

Sheet März
A1: Kassenbuch
A2: Monat: | B2: März | F2: Jahr: | J2: Einnahmen | K2: =A56 -> 0
J3: Ausgaben | K3: =B56 -> 0
A4: Einnahmen | B4: Ausgaben | C4: Bestand | D4: Gegenkonto | E4: Beleg Nr. | F4: Datum | G4: USt.-Satz | H4: Text | I4: Nr
C5: =Februar!C56 -> 0 | H5: Anfangsbestand / Übertrag
C6: =C5+A6-B6 -> 0 | I6: 1
C7: =C6+A7-B7 -> 0 | I7: 2
C8: =C7+A8-B8 -> 0 | I8: 3
C9: =C8+A9-B9 -> 0 | I9: 4
C10: =C9+A10-B10 -> 0 | I10: 5
C11: =C10+A11-B11 -> 0 | I11: 6
C12: =C11+A12-B12 -> 0 | I12: 7
C13: =C12+A13-B13 -> 0 | I13: 8
C14: =C13+A14-B14 -> 0 | I14: 9
C15: =C14+A15-B15 -> 0 | I15: 10
C16: =C15+A16-B16 -> 0 | I16: 11
C17: =C16+A17-B17 -> 0 | I17: 12
... C55: =C54+A55-B55 -> 0 | I55: 50
A56: =SUM(A6:A55) -> 0 | B56: =SUM(B6:B55) -> 0 | C56: =C55 -> 0 | H56: Summen

Sheet April
A1: Kassenbuch
A2: Monat: | B2: April | F2: Jahr: | J2: Einnahmen | K2: =A56 -> 0
J3: Ausgaben | K3: =B56 -> 0
A4: Einnahmen | B4: Ausgaben | C4: Bestand | D4: Gegenkonto | E4: Beleg Nr. | F4: Datum | G4: USt.-Satz | H4: Text | I4: Nr
C5: =März!C56 -> 0 | H5: Anfangsbestand / Übertrag
C6: =C5+A6-B6 -> 0 | I6: 1
C7: =C6+A7-B7 -> 0 | I7: 2
C8: =C7+A8-B8 -> 0 | I8: 3
C9: =C8+A9-B9 -> 0 | I9: 4
C10: =C9+A10-B10 -> 0 | I10: 5
C11: =C10+A11-B11 -> 0 | I11: 6
C12: =C11+A12-B12 -> 0 | I12: 7
C13: =C12+A13-B13 -> 0 | I13: 8
C14: =C13+A14-B14 -> 0 | I14: 9
C15: =C14+A15-B15 -> 0 | I15: 10
C16: =C15+A16-B16 -> 0 | I16: 11
C17: =C16+A17-B17 -> 0 | I17: 12
... C55: =C54+A55-B55 -> 0 | I55: 50
A56: =SUM(A6:A55) -> 0 | B56: =SUM(B6:B55) -> 0 | C56: =C55 -> 0 | H56: Summen

Sheet Mai
A1: Kassenbuch
A2: Monat: | B2: Mai | F2: Jahr: | J2: Einnahmen | K2: =A56 -> 0
J3: Ausgaben | K3: =B56 -> 0
A4: Einnahmen | B4: Ausgaben | C4: Bestand | D4: Gegenkonto | E4: Beleg Nr. | F4: Datum | G4: USt.-Satz | H4: Text | I4: Nr
C5: =April!C56 -> 0 | H5: Anfangsbestand / Übertrag
C6: =C5+A6-B6 -> 0 | I6: 1
C7: =C6+A7-B7 -> 0 | I7: 2
C8: =C7+A8-B8 -> 0 | I8: 3
C9: =C8+A9-B9 -> 0 | I9: 4
C10: =C9+A10-B10 -> 0 | I10: 5
C11: =C10+A11-B11 -> 0 | I11: 6
C12: =C11+A12-B12 -> 0 | I12: 7
C13: =C12+A13-B13 -> 0 | I13: 8
C14: =C13+A14-B14 -> 0 | I14: 9
C15: =C14+A15-B15 -> 0 | I15: 10
C16: =C15+A16-B16 -> 0 | I16: 11
C17: =C16+A17-B17 -> 0 | I17: 12
... C55: =C54+A55-B55 -> 0 | I55: 50
A56: =SUM(A6:A55) -> 0 | B56: =SUM(B6:B55) -> 0 | C56: =C55 -> 0 | H56: Summen

Sheet Juni
A1: Kassenbuch
A2: Monat: | B2: Juni | F2: Jahr: | J2: Einnahmen | K2: =A56 -> 0
J3: Ausgaben | K3: =B56 -> 0
A4: Einnahmen | B4: Ausgaben | C4: Bestand | D4: Gegenkonto | E4: Beleg Nr. | F4: Datum | G4: USt.-Satz | H4: Text | I4: Nr
C5: =Mai!C56 -> 0 | H5: Anfangsbestand / Übertrag
C6: =C5+A6-B6 -> 0 | I6: 1
C7: =C6+A7-B7 -> 0 | I7: 2
C8: =C7+A8-B8 -> 0 | I8: 3
C9: =C8+A9-B9 -> 0 | I9: 4
C10: =C9+A10-B10 -> 0 | I10: 5
C11: =C10+A11-B11 -> 0 | I11: 6
C12: =C11+A12-B12 -> 0 | I12: 7
C13: =C12+A13-B13 -> 0 | I13: 8
C14: =C13+A14-B14 -> 0 | I14: 9
C15: =C14+A15-B15 -> 0 | I15: 10
C16: =C15+A16-B16 -> 0 | I16: 11
C17: =C16+A17-B17 -> 0 | I17: 12
... C55: =C54+A55-B55 -> 0 | I55: 50
A56: =SUM(A6:A55) -> 0 | B56: =SUM(B6:B55) -> 0 | C56: =C55 -> 0 | H56: Summen

Sheet Juli
A1: Kassenbuch
A2: Monat: | B2: Juli | F2: Jahr: | J2: Einnahmen | K2: =A56 -> 0
J3: Ausgaben | K3: =B56 -> 0
A4: Einnahmen | B4: Ausgaben | C4: Bestand | D4: Gegenkonto | E4: Beleg Nr. | F4: Datum | G4: USt.-Satz | H4: Text | I4: Nr
C5: =Juni!C56 -> 0 | H5: Anfangsbestand / Übertrag
C6: =C5+A6-B6 -> 0 | I6: 1
C7: =C6+A7-B7 -> 0 | I7: 2
C8: =C7+A8-B8 -> 0 | I8: 3
C9: =C8+A9-B9 -> 0 | I9: 4
C10: =C9+A10-B10 -> 0 | I10: 5
C11: =C10+A11-B11 -> 0 | I11: 6
C12: =C11+A12-B12 -> 0 | I12: 7
C13: =C12+A13-B13 -> 0 | I13: 8
C14: =C13+A14-B14 -> 0 | I14: 9
C15: =C14+A15-B15 -> 0 | I15: 10
C16: =C15+A16-B16 -> 0 | I16: 11
C17: =C16+A17-B17 -> 0 | I17: 12
... C55: =C54+A55-B55 -> 0 | I55: 50
A56: =SUM(A6:A55) -> 0 | B56: =SUM(B6:B55) -> 0 | C56: =C55 -> 0 | H56: Summen

Sheet August
A1: Kassenbuch
A2: Monat: | B2: August | F2: Jahr: | J2: Einnahmen | K2: =A56 -> 0
J3: Ausgaben | K3: =B56 -> 0
A4: Einnahmen | B4: Ausgaben | C4: Bestand | D4: Gegenkonto | E4: Beleg Nr. | F4: Datum | G4: USt.-Satz | H4: Text | I4: Nr
C5: =Juli!C56 -> 0 | H5: Anfangsbestand / Übertrag
C6: =C5+A6-B6 -> 0 | I6: 1
C7: =C6+A7-B7 -> 0 | I7: 2
C8: =C7+A8-B8 -> 0 | I8: 3
C9: =C8+A9-B9 -> 0 | I9: 4
C10: =C9+A10-B10 -> 0 | I10: 5
C11: =C10+A11-B11 -> 0 | I11: 6
C12: =C11+A12-B12 -> 0 | I12: 7
C13: =C12+A13-B13 -> 0 | I13: 8
C14: =C13+A14-B14 -> 0 | I14: 9
C15: =C14+A15-B15 -> 0 | I15: 10
C16: =C15+A16-B16 -> 0 | I16: 11
C17: =C16+A17-B17 -> 0 | I17: 12
... C55: =C54+A55-B55 -> 0 | I55: 50
A56: =SUM(A6:A55) -> 0 | B56: =SUM(B6:B55) -> 0 | C56: =C55 -> 0 | H56: Summen

Sheet September
A1: Kassenbuch
A2: Monat: | B2: September | F2: Jahr: | J2: Einnahmen | K2: =A56 -> 0
J3: Ausgaben | K3: =B56 -> 0
A4: Einnahmen | B4: Ausgaben | C4: Bestand | D4: Gegenkonto | E4: Beleg Nr. | F4: Datum | G4: USt.-Satz | H4: Text | I4: Nr
C5: =August!C56 -> 0 | H5: Anfangsbestand / Übertrag
C6: =C5+A6-B6 -> 0 | I6: 1
C7: =C6+A7-B7 -> 0 | I7: 2
C8: =C7+A8-B8 -> 0 | I8: 3
C9: =C8+A9-B9 -> 0 | I9: 4
C10: =C9+A10-B10 -> 0 | I10: 5
C11: =C10+A11-B11 -> 0 | I11: 6
C12: =C11+A12-B12 -> 0 | I12: 7
C13: =C12+A13-B13 -> 0 | I13: 8
C14: =C13+A14-B14 -> 0 | I14: 9
C15: =C14+A15-B15 -> 0 | I15: 10
C16: =C15+A16-B16 -> 0 | I16: 11
C17: =C16+A17-B17 -> 0 | I17: 12
... C55: =C54+A55-B55 -> 0 | I55: 50
A56: =SUM(A6:A55) -> 0 | B56: =SUM(B6:B55) -> 0 | C56: =C55 -> 0 | H56: Summen

Sheet Oktober
A1: Kassenbuch
A2: Monat: | B2: Oktober | F2: Jahr: | J2: Einnahmen | K2: =A56 -> 0
J3: Ausgaben | K3: =B56 -> 0
A4: Einnahmen | B4: Ausgaben | C4: Bestand | D4: Gegenkonto | E4: Beleg Nr. | F4: Datum | G4: USt.-Satz | H4: Text | I4: Nr
C5: =September!C56 -> 0 | H5: Anfangsbestand / Übertrag
C6: =C5+A6-B6 -> 0 | I6: 1
C7: =C6+A7-B7 -> 0 | I7: 2
C8: =C7+A8-B8 -> 0 | I8: 3
C9: =C8+A9-B9 -> 0 | I9: 4
C10: =C9+A10-B10 -> 0 | I10: 5
C11: =C10+A11-B11 -> 0 | I11: 6
C12: =C11+A12-B12 -> 0 | I12: 7
C13: =C12+A13-B13 -> 0 | I13: 8
C14: =C13+A14-B14 -> 0 | I14: 9
C15: =C14+A15-B15 -> 0 | I15: 10
C16: =C15+A16-B16 -> 0 | I16: 11
C17: =C16+A17-B17 -> 0 | I17: 12
... C55: =C54+A55-B55 -> 0 | I55: 50
A56: =SUM(A6:A55) -> 0 | B56: =SUM(B6:B55) -> 0 | C56: =C55 -> 0 | H56: Summen

Sheet November
A1: Kassenbuch
A2: Monat: | B2: November | F2: Jahr: | J2: Einnahmen | K2: =A56 -> 0
J3: Ausgaben | K3: =B56 -> 0
A4: Einnahmen | B4: Ausgaben | C4: Bestand | D4: Gegenkonto | E4: Beleg Nr. | F4: Datum | G4: USt.-Satz | H4: Text | I4: Nr
C5: =Oktober!C56 -> 0 | H5: Anfangsbestand / Übertrag
C6: =C5+A6-B6 -> 0 | I6: 1
C7: =C6+A7-B7 -> 0 | I7: 2
C8: =C7+A8-B8 -> 0 | I8: 3
C9: =C8+A9-B9 -> 0 | I9: 4
C10: =C9+A10-B10 -> 0 | I10: 5
C11: =C10+A11-B11 -> 0 | I11: 6
C12: =C11+A12-B12 -> 0 | I12: 7
C13: =C12+A13-B13 -> 0 | I13: 8
C14: =C13+A14-B14 -> 0 | I14: 9
C15: =C14+A15-B15 -> 0 | I15: 10
C16: =C15+A16-B16 -> 0 | I16: 11
C17: =C16+A17-B17 -> 0 | I17: 12
... C55: =C54+A55-B55 -> 0 | I55: 50
A56: =SUM(A6:A55) -> 0 | B56: =SUM(B6:B55) -> 0 | C56: =C55 -> 0 | H56: Summen

Sheet Dezember
A1: Kassenbuch
A2: Monat: | B2: Dezember | F2: Jahr: | J2: Einnahmen | K2: =A56 -> 0
J3: Ausgaben | K3: =B56 -> 0
A4: Einnahmen | B4: Ausgaben | C4: Bestand | D4: Gegenkonto | E4: Beleg Nr. | F4: Datum | G4: USt.-Satz | H4: Text | I4: Nr
C5: =November!C56 -> 0 | H5: Anfangsbestand / Übertrag
C6: =C5+A6-B6 -> 0 | I6: 1
C7: =C6+A7-B7 -> 0 | I7: 2
C8: =C7+A8-B8 -> 0 | I8: 3
C9: =C8+A9-B9 -> 0 | I9: 4
C10: =C9+A10-B10 -> 0 | I10: 5
C11: =C10+A11-B11 -> 0 | I11: 6
C12: =C11+A12-B12 -> 0 | I12: 7
C13: =C12+A13-B13 -> 0 | I13: 8
C14: =C13+A14-B14 -> 0 | I14: 9
C15: =C14+A15-B15 -> 0 | I15: 10
C16: =C15+A16-B16 -> 0 | I16: 11
C17: =C16+A17-B17 -> 0 | I17: 12
... C55: =C54+A55-B55 -> 0 | I55: 50
A56: =SUM(A6:A55) -> 0 | B56: =SUM(B6:B55) -> 0 | C56: =C55 -> 0 | H56: Summen
